,RMSE,MAE,R²,Accuracy,F1,ROC-AUC
Regression,3.653913745949923,2.5799386501312256,0.13645672798156738,,,
Classification,,,,0.7799043062200957,0.46511627906976744,0.6933849026407042
